patent_id,title,abstract,date.filing,date.granted
8424111,"Near-field optical microscope, near-field optical probe, and sample observation method","Vivamus tempor, neque id vehicula ornare, tellus sapien ornare dolor, at rutrum lorem elit eget arcu. Ut consectetur, odio commodo auctor aliquam, erat tellus sodales velit, quis cursus nisi diam in nunc. Morbi feugiat mollis auctor. Nunc eu est nec elit vulputate bibendum a ac dui. Duis ac diam vel ligula feugiat laoreet volutpat vulputate augue. Maecenas vehicula libero et lacus feugiat semper vitae ut metus. Morbi iaculis, mauris at tincidunt malesuada, dolor ipsum vehicula odio, vitae fringilla nulla libero ac nibh. Sed diam risus, faucibus lacinia ultricies vitae, aliquet ac lorem. Suspendisse nulla odio, dignissim sit amet iaculis faucibus, sollicitudin ac ipsum. Sed tempus varius lobortis. Nulla facilisi. Mauris mattis ligula eu nibh pellentesque blandit. Vivamus tempor consequat risus a eleifend.",3/4/2011,12/29/2011
8424101,"Information processing apparatus and method, information recording medium manufacturing apparatus and method, and information recording medium","Duis ligula est, ultrices ac egestas non, sollicitudin non ante. Ut pharetra, sem volutpat gravida mattis, libero lacus euismod nisl, non viverra urna neque ut dolor. Integer posuere nisl orci. Vestibulum ultrices est a magna egestas sollicitudin. Vivamus commodo bibendum laoreet. Praesent vestibulum leo eget augue tempor id aliquet augue pulvinar. Duis id elementum elit. Suspendisse potenti. Donec sed lorem ac ipsum tristique tincidunt. Donec mollis adipiscing leo, ornare euismod mauris rhoncus a. Aliquam malesuada ipsum non elit egestas in sodales massa convallis. Praesent ipsum orci, interdum eu congue vitae, pretium in erat.",3/8/2011,1/2/2012
8424096,Color based network security,"Nullam non odio vitae odio adipiscing lacinia mattis a urna. Etiam vel urna lacus, id malesuada est. Nulla semper, diam nec ultricies iaculis, augue odio tincidunt magna, nec porttitor tortor turpis a sem. Mauris ut metus turpis. Proin ac lacus nulla. Pellentesque id fermentum ligula. Aliquam eleifend accumsan neque a convallis. Nulla sit amet nunc risus. Donec rutrum egestas venenatis. Pellentesque auctor sodales erat, id tincidunt erat tempor vitae. Fusce at felis mi. Praesent facilisis nulla magna. Suspendisse mattis vehicula justo fringilla varius.",3/5/2011,12/30/2011
8424094,Automated collection of forensic evidence associated with a network security incident,"Aliquam erat volutpat. Aliquam sed nisl sit amet turpis feugiat commodo. Curabitur erat elit, fringilla nec tempus vitae, sodales eget nunc. Suspendisse nec neque a urna hendrerit ultrices vitae ut dolor. Duis eget scelerisque arcu. Quisque ullamcorper, velit sagittis faucibus euismod, risus augue lobortis nulla, sit amet egestas nisi risus eu est. Mauris auctor luctus felis. Etiam leo ipsum, vehicula non posuere nec, fermentum id elit. Morbi tempus nunc at odio pretium porttitor. Sed mattis consequat massa, sit amet pulvinar velit iaculis convallis. Nunc suscipit consequat magna.",4/9/2011,2/3/2012
8424093,System and method for updating antivirus cache,"Donec venenatis scelerisque sem, sit amet consectetur metus blandit et. Aliquam at urna ut sapien mollis imperdiet. Suspendisse suscipit enim faucibus lectus ornare tincidunt. Vestibulum ante ipsum primis in faucibus orci luctus et ultrices posuere cubilia Curae; Maecenas urna massa, blandit vitae aliquet sed, interdum sed leo. Duis placerat aliquam massa, ac fringilla dolor porta hendrerit. Praesent purus urna, congue a facilisis at, laoreet id enim. Vivamus est ligula, faucibus a placerat quis, porttitor nec est. Sed iaculis, diam vel porta laoreet, diam tortor varius lacus, quis molestie ligula elit vel tortor. Vestibulum venenatis nunc ut tellus placerat volutpat sed a massa. In hac habitasse platea dictumst.",5/14/2011,3/9/2012
8424089,Virus immunization using prioritized routing,"Donec lectus sapien, tincidunt sit amet pulvinar et, adipiscing id diam. Nunc laoreet tristique metus, vitae interdum tortor sollicitudin congue. Ut viverra tempus lacinia. Aliquam auctor, dolor a gravida venenatis, lacus erat tincidunt elit, a cursus ante dui quis leo. Etiam sodales laoreet condimentum. Cras at diam ut dolor suscipit interdum. Fusce felis arcu, pretium quis porta at, posuere dignissim ante. Sed rhoncus augue id enim ornare accumsan eget a ligula. Etiam gravida egestas dui, quis gravida mi lacinia quis. Etiam pharetra, dui in gravida pulvinar, tellus urna luctus sapien, sit amet placerat leo est nec eros. Aenean interdum sodales velit in aliquet. Duis porta nunc ut arcu volutpat sit amet consectetur libero tristique.",6/18/2011,4/13/2012
8424080,Electronic device and authentication method of electronic device,"Morbi eget nulla nec dolor facilisis accumsan. Nulla facilisi. Donec ut libero non dolor placerat molestie nec quis enim. Curabitur sed massa eget turpis posuere consequat rutrum in libero. Nullam at lorem sit amet arcu bibendum gravida. Praesent accumsan nulla sit amet felis accumsan interdum. Duis venenatis molestie est non dapibus. Suspendisse potenti. Integer et dui vel massa iaculis venenatis a ut lectus. Sed consequat, sem quis iaculis interdum, dui tortor ultrices sapien, at sodales diam felis iaculis quam. Suspendisse imperdiet mauris ante, ut varius sem.",7/23/2011,5/18/2012
8424075,Collaborative firewall for a distributed virtual environment,"Vivamus tincidunt fringilla nibh, non commodo nulla tempor at. Sed suscipit egestas lectus id varius. Maecenas rutrum nibh in urna aliquam porttitor. Etiam lobortis quam vel orci porta dapibus. Praesent ut odio nec erat hendrerit aliquet ut in sem. Donec nec purus nec lorem mollis fermentum at a lacus. Nullam felis massa, feugiat vel dignissim at, faucibus et sapien. Ut rhoncus fermentum vulputate. Proin feugiat nisi non eros consequat vitae ornare diam elementum. Fusce vehicula vulputate tincidunt. Fusce sagittis mi ante, sit amet blandit tellus. Praesent ut leo ante. Ut sed lacinia erat. Aenean mollis nisi nec dolor sodales pellentesque. Morbi id justo eu risus pharetra convallis vitae nec velit.",8/27/2011,6/22/2012
8424061,"Method, system and program product for authenticating a user seeking to perform an electronic service request","Ut lectus nunc, mattis sed pretium dictum, dictum et purus. Mauris eros risus, placerat at laoreet id, placerat id justo. Nam orci velit, vehicula nec congue tempor, iaculis eget massa. Cras lacinia sodales dolor at mattis. Proin porta ornare tortor quis consequat. Sed eros nunc, sodales ut condimentum nec, convallis non mauris. Proin erat mauris, pellentesque vitae consequat nec, porttitor quis massa. Nam ultricies volutpat elit eu tempus. Praesent arcu tellus, porta quis aliquet semper, lacinia at dui. Curabitur magna sapien, venenatis id pellentesque porttitor, faucibus eget turpis. Ut tristique metus sed nulla venenatis cursus eu a mauris. Nulla eu sem ipsum, at tempor nulla. Maecenas et urna id nulla posuere luctus a at lorem. Donec lobortis justo quis nibh venenatis quis feugiat elit iaculis. Curabitur adipiscing pellentesque est vitae sodales.",10/1/2011,7/27/2012
8424059,Calculating multi-tenancy resource requirements and automated tenant dynamic placement in a multi-tenant shared environment,"Aenean sit amet augue est. Suspendisse porttitor molestie ante vel tempor. Donec eget mauris quis nulla fermentum consectetur. Sed eu est dolor. Sed turpis est, dapibus facilisis rhoncus sollicitudin, porta nec libero. Aliquam consequat erat vel mi varius vestibulum. Vivamus pharetra tincidunt lorem porttitor posuere. Proin sed ligula risus, nec viverra nulla. Aenean tellus velit, tincidunt ut accumsan ac, porta sit amet elit. Mauris adipiscing, nunc nec mollis dignissim, magna felis convallis nunc, nec tristique metus elit non eros. Nullam sit amet magna arcu. Aliquam dictum vehicula pellentesque. Aliquam lorem elit, sodales non viverra sit amet, dignissim ut est. Morbi vestibulum metus vitae nibh aliquet ut mattis purus placerat. Quisque pellentesque magna ut ligula tristique id viverra mauris consectetur. Morbi ultrices iaculis nisi, a porttitor metus volutpat eu.",11/5/2011,8/31/2012
8424056,Workflow system and object generating apparatus,"Donec metus lectus, euismod sit amet porta a, iaculis et nisi. Nam est purus, suscipit non tristique ac, mollis sed mi. Donec volutpat sapien vel ante accumsan commodo. Etiam ut purus libero. Vivamus vel arcu in libero facilisis condimentum non nec lectus. Aenean ornare, ante eget venenatis pellentesque, ligula velit aliquam dolor, ac varius tortor massa nec purus. Maecenas scelerisque condimentum euismod. Quisque imperdiet tempus est, sed aliquet tellus sagittis eget. Nunc quis ultrices libero. Mauris vitae nulla urna. Aenean dignissim libero mauris. Sed sagittis laoreet turpis, id ultrices neque eleifend et. In sollicitudin, tellus vel ultricies facilisis, ipsum nibh gravida dui, ut vehicula diam augue ac tortor.",12/10/2011,10/5/2012
8424050,Broadcast receiving device,"Maecenas pharetra, justo in mattis dictum, sem velit consectetur diam, at gravida nunc tortor elementum velit. Nulla vel mi ac odio sollicitudin lobortis. Integer mattis adipiscing egestas. Donec volutpat egestas interdum. Nullam leo ipsum, placerat tincidunt laoreet vitae, consequat ut nisl. Sed enim leo, sodales eget semper in, mollis non lectus. Curabitur in hendrerit mi. Cras et lacus vel arcu lacinia tempor vitae vitae metus. Curabitur pharetra turpis non velit malesuada lobortis. Maecenas dapibus turpis sed lectus imperdiet porta sodales sem malesuada. Vivamus malesuada, libero at bibendum laoreet, tortor justo lobortis massa, venenatis porttitor sapien magna in ligula. Vestibulum ante ipsum primis in faucibus orci luctus et ultrices posuere cubilia Curae; Aenean dignissim ipsum nec neque porttitor id placerat lectus vehicula. Morbi fringilla dui ut lorem adipiscing dapibus condimentum turpis pulvinar.",7/18/2011,5/13/2012
8424049,Measurement of video quality at customer premises,"Integer quis tortor id lectus dignissim aliquam. Duis mattis enim in eros dictum nec volutpat lorem cursus. Donec a vulputate nisi. Vestibulum in libero odio. Integer ac mi orci, non malesuada quam. Nullam tincidunt, odio id mattis rutrum, turpis ligula ullamcorper neque, pellentesque ultricies massa purus at dui. Lorem ipsum dolor sit amet, consectetur adipiscing elit. Nam tempor varius sapien, eu hendrerit felis rutrum non.",2/23/2011,1/1/2012
8424045,Video display unit docking assembly for fiber-to-the-screen inflight entertainment system,"Donec eu quam non nisi lobortis suscipit. Suspendisse eu semper elit. Ut in quam leo. Vivamus scelerisque, arcu et vulputate consectetur, libero dui tincidunt sapien, sed egestas tellus sem a urna. Praesent scelerisque, ante eget volutpat mattis, nibh metus viverra ligula, nec pharetra eros ipsum id dolor. Vivamus eget ornare velit. Suspendisse fringilla, urna sed congue pretium, eros lectus dignissim diam, non iaculis arcu leo vel risus. Etiam egestas magna sed mauris iaculis suscipit. Suspendisse in sagittis lectus. Maecenas a erat vel dolor luctus sollicitudin eget sit amet purus.",10/1/2010,8/31/2012
8424043,Method and system for detecting unscheduled events and recording programming streams,"Nullam interdum mattis ultrices. Aliquam fringilla tempus metus ut rutrum. Morbi est tortor, scelerisque id molestie eget, auctor a sapien. Class aptent taciti sociosqu ad litora torquent per conubia nostra, per inceptos himenaeos. Mauris mattis lectus at mauris faucibus ac congue eros suscipit. Nam pretium erat at neque adipiscing euismod. Donec id aliquam ligula. Vivamus viverra, nisl ut tincidunt volutpat, mauris magna ullamcorper urna, consectetur egestas lorem est vel odio. Nunc nunc mauris, aliquet vel pretium scelerisque, sodales ut nulla. Duis et magna pharetra metus porttitor ultrices. In hac habitasse platea dictumst.",5/9/2010,4/8/2012
8424041,Method and system for downloading content to a content downloader,"Pellentesque malesuada, ante nec venenatis tincidunt, dui ipsum lobortis diam, ac vehicula mi arcu sit amet arcu. Nulla vel tellus ac urna lobortis pulvinar. Nulla in purus ac leo pretium condimentum. Morbi non sem justo. Morbi ac pretium lectus. Pellentesque habitant morbi tristique senectus et netus et malesuada fames ac turpis egestas. Nunc sit amet enim vitae tortor feugiat ornare ac quis eros. Quisque varius dolor sit amet est facilisis vitae condimentum nulla pulvinar. Mauris posuere pellentesque neque lobortis molestie. Nunc vehicula elementum quam a sollicitudin. Cras lacinia nulla nec libero ultrices vel vulputate purus aliquet. Donec nec enim in magna facilisis fermentum. Nam vulputate euismod turpis, tincidunt hendrerit libero pulvinar sit amet. Donec ut diam massa, sit amet consectetur felis. Mauris non erat ac lacus condimentum blandit.",12/15/2009,11/15/2011
8424030,Optical pickup device and laser welding structure of optical components,"Donec neque tortor, imperdiet non suscipit vitae, molestie sodales urna. Sed tellus nisl, rhoncus at porttitor quis, malesuada et leo. Fusce eu risus eget massa scelerisque pharetra. Donec vulputate pulvinar augue a mollis. Quisque turpis diam, pellentesque eget lacinia at, vestibulum sit amet enim. Integer in lectus in tortor laoreet egestas sed in metus. Mauris id sem metus. Fusce erat erat, cursus vel commodo sit amet, fringilla et lacus. Vivamus libero ligula, viverra in varius vel, ultricies et sem. Mauris tincidunt felis sed metus luctus ac accumsan felis porttitor. Maecenas non molestie diam. Vestibulum placerat turpis eu nisi lacinia id suscipit orci facilisis. Class aptent taciti sociosqu ad litora torquent per conubia nostra, per inceptos himenaeos.",7/23/2009,6/23/2011
8424029,Optical disc device,"Lorem ipsum dolor sit amet, consectetur adipiscing elit. Morbi venenatis neque quis dolor ornare dictum. Nam eleifend velit a massa fringilla non tincidunt ipsum condimentum. Nullam malesuada bibendum nunc sed bibendum. Vestibulum consequat, libero quis semper vehicula, sem risus condimentum purus, ac scelerisque turpis leo eget nibh. Integer elementum sapien vitae dui sagittis ornare porttitor ipsum adipiscing. Pellentesque habitant morbi tristique senectus et netus et malesuada fames ac turpis egestas. Suspendisse at nunc id sapien accumsan fringilla et at eros. Aliquam quam orci, lobortis at molestie eu, ultricies eget quam.",2/28/2009,1/29/2011
8424028,Tray locking device of optical disc drive with anti-shock mechanism,"Suspendisse non nibh sem. Aenean nec leo nunc. Cras commodo convallis facilisis. Curabitur tincidunt pellentesque quam. Vivamus tincidunt arcu euismod magna semper laoreet. Class aptent taciti sociosqu ad litora torquent per conubia nostra, per inceptos himenaeos. Mauris sagittis urna eget tellus porta et rhoncus orci eleifend. Morbi vehicula dictum ullamcorper. Suspendisse potenti. Pellentesque lacinia, metus ac malesuada congue, sapien quam luctus orci, a consectetur leo justo id odio. Nunc condimentum diam in nisi laoreet et faucibus purus fringilla. Quisque ac sem nulla, ac molestie est. In fringilla orci consequat dui facilisis a venenatis lacus auctor. Aliquam cursus gravida consequat. Cras sit amet tellus urna. Fusce tortor augue, interdum sed pretium eu, adipiscing eget nulla.",10/6/2008,9/6/2010
8424027,Optical disc drive and tray locking device thereof,"Vestibulum ante ipsum primis in faucibus orci luctus et ultrices posuere cubilia Curae; Nunc at eros massa, nec vestibulum purus. Nulla sodales dolor non justo commodo vestibulum. Pellentesque condimentum vulputate neque, at varius dolor imperdiet semper. Donec vestibulum mi in purus convallis scelerisque. Sed eu erat at mi cursus euismod. Maecenas tincidunt massa in risus placerat ac imperdiet nunc consectetur. Duis a augue non lorem hendrerit luctus. Pellentesque pellentesque interdum justo nec tempor. Morbi at lacus eu tortor sagittis laoreet vitae quis est. Nulla facilisi. Nullam id sapien dui, in vehicula quam. Nullam et magna magna.",5/14/2008,4/14/2010
8424012,Context switching on a video processor having a scalar execution unit and a vector execution unit,"Cras auctor sollicitudin tristique. Integer dapibus justo non ligula mollis mattis varius eu dui. Mauris et quam lectus, vitae congue elit. Suspendisse velit ante, vehicula ut porta vehicula, facilisis quis nulla. Curabitur tempor cursus dictum. Proin pulvinar scelerisque purus id rutrum. Donec ac tincidunt elit. Morbi in nulla vitae justo feugiat pharetra sit amet nec leo. Lorem ipsum dolor sit amet, consectetur adipiscing elit. Aenean tortor nisl, mollis ac ultrices ac, bibendum vitae nunc. Etiam vel nibh nulla. Duis gravida nulla vitae dolor rhoncus dignissim. Morbi quam nibh, porttitor sed laoreet in, faucibus ut nunc. Sed viverra magna bibendum turpis mollis sit amet elementum felis volutpat.",12/21/2007,11/20/2009
8424001,Virtual image deployment with a warm cache,"Pellentesque egestas dignissim leo, laoreet accumsan tortor gravida sit amet. Quisque faucibus massa quis libero ultricies at vestibulum mauris laoreet. Quisque ut iaculis diam. Nam condimentum mauris eu lorem auctor imperdiet. Nullam tincidunt fringilla sapien, ut tempus neque euismod eget. Curabitur sit amet metus a est pretium ultrices quis vitae odio. Mauris quis elit ipsum. Proin gravida imperdiet vehicula. Maecenas purus orci, lacinia in condimentum non, ultrices vitae sapien. Vestibulum rhoncus facilisis ante ac malesuada. Praesent interdum pulvinar posuere. Pellentesque non felis quis magna molestie laoreet.",7/29/2007,6/28/2009
8423998,System and method for virtual machine multiplexing for resource provisioning in compute clouds,"Pellentesque pellentesque, velit sit amet condimentum laoreet, purus dolor vulputate augue, sit amet tincidunt turpis velit luctus risus. In odio nisl, condimentum ut interdum sed, malesuada eu tortor. Nam scelerisque dapibus nisi eu convallis. Vivamus congue ornare sapien eu pellentesque. Fusce eget erat nulla. Nullam ornare, odio quis fringilla scelerisque, leo diam facilisis purus, a placerat nibh leo eget eros. Sed fringilla lectus et ligula eleifend commodo. Vestibulum tempus lorem sit amet urna eleifend pharetra. Nunc ac posuere lorem.",7/15/2007,6/14/2009
8423995,Electronic device and user interface display method thereof,"Aenean mollis molestie nulla, ut feugiat dui lobortis sed. Mauris laoreet mi sed nunc malesuada quis consequat metus iaculis. Mauris aliquam rhoncus ullamcorper. Proin risus metus, semper a dictum non, iaculis pharetra arcu. Quisque vitae leo a lacus lobortis blandit. Ut dui eros, mollis eu vestibulum sit amet, lobortis vitae felis. Aliquam venenatis, lorem vitae tincidunt tincidunt, nulla nibh imperdiet lectus, vitae mollis ante quam nec diam. Integer vehicula scelerisque congue. Vestibulum enim orci, lacinia ac euismod a, sagittis nec lacus. Nullam nec augue nunc. Aliquam erat volutpat. Duis non sagittis nibh. Praesent a rutrum nibh. Curabitur eu nunc diam. Fusce ut consectetur nulla.",7/1/2007,5/31/2009
8423992,Automated file delivery systems and methods,"Etiam ut dui mauris. In tempor ligula vel lectus cursus laoreet. Mauris semper commodo purus, laoreet eleifend est suscipit id. Aliquam nec enim ac elit consequat tempus. Aliquam lacinia metus vitae tellus varius quis accumsan mauris ultrices. Fusce euismod, orci quis pulvinar semper, arcu tortor euismod felis, non molestie erat sem et risus. Suspendisse eleifend laoreet sapien eget semper. Nulla euismod, orci sit amet vestibulum suscipit, metus arcu feugiat est, vel rhoncus diam eros ultricies sem. Donec a libero erat. Fusce tristique, purus a dictum venenatis, tortor tortor facilisis velit, sit amet interdum dui eros sit amet risus. Praesent porta enim ut urna iaculis vel rutrum enim faucibus. Morbi vestibulum, ligula et scelerisque dignissim, dolor odio tristique elit, ut suscipit ligula risus id metus. Class aptent taciti sociosqu ad litora torquent per conubia nostra, per inceptos himenaeos.",6/17/2007,5/17/2009
8423990,"Installing software onto a client through a network, and corresponding client","Cum sociis natoque penatibus et magnis dis parturient montes, nascetur ridiculus mus. Donec porta est vel lorem imperdiet sollicitudin porttitor massa porta. Morbi pulvinar, massa nec sagittis tempor, ante ante ultricies erat, sit amet malesuada nisl orci vitae libero. Donec euismod orci vitae libero porta commodo. Suspendisse ac sapien a velit pharetra facilisis. Mauris malesuada vulputate ullamcorper. Nam metus nibh, vulputate eu convallis quis, viverra vel purus. In hac habitasse platea dictumst.",6/3/2007,5/3/2009
8423978,Configurable java server pages processing framework,"Integer tristique semper ullamcorper. In hac habitasse platea dictumst. Fusce sodales malesuada augue ut vehicula. In pulvinar, dui non posuere luctus, neque erat vehicula massa, ultrices elementum turpis augue in velit. Quisque justo turpis, vehicula vitae mollis id, lacinia at nisi. In sed erat nibh, id convallis diam. Sed imperdiet arcu ipsum, sed ullamcorper est. Lorem ipsum dolor sit amet, consectetur adipiscing elit.",5/20/2007,4/19/2009
8423976,Extreme pipeline and optimized reordering technology,"In libero justo, egestas at ullamcorper quis, tincidunt a metus. Cras elementum erat leo. Praesent sed odio urna, in tempor nunc. Sed mollis justo eu magna imperdiet ut iaculis nulla fermentum. Etiam eget erat vel quam imperdiet vehicula eget id erat. Lorem ipsum dolor sit amet, consectetur adipiscing elit. Mauris lectus diam, laoreet gravida rhoncus ut, ultrices aliquet mi. Suspendisse dapibus mauris eu nulla congue sagittis.",5/6/2007,4/5/2009
8423973,Instrumenting an application with flexible tracers to provide correlation data and metrics,"Nunc in erat vitae lorem sodales tincidunt. Aenean odio sem, cursus in rhoncus at, mollis vitae nulla. Aenean cursus lobortis orci eu dictum. Nunc ac porta lorem. Lorem ipsum dolor sit amet, consectetur adipiscing elit. Sed mattis imperdiet dapibus. Vestibulum ante ipsum primis in faucibus orci luctus et ultrices posuere cubilia Curae; Aliquam erat volutpat. Sed sit amet dolor id nisi venenatis aliquam. Praesent dui nibh, porttitor sit amet consectetur ac, eleifend in metus. Quisque a diam dignissim metus vulputate aliquet sed et mauris. Ut vel sapien arcu. Curabitur euismod lobortis semper. Nullam porta turpis nec dui eleifend dignissim. Pellentesque auctor pulvinar eros non malesuada.",4/22/2007,3/22/2009
8423967,Automated level-based targeted test configuration,"Suspendisse vitae urna risus, sit amet interdum neque. Pellentesque dolor metus, cursus eget sodales et, ullamcorper malesuada nisi. Nam eu urna ac dolor semper venenatis. Aenean felis nibh, sollicitudin et iaculis eget, sodales id risus. Aliquam erat volutpat. Donec augue urna, lacinia at ullamcorper vitae, rutrum non arcu. Suspendisse tristique consectetur lorem, sed vehicula sapien vulputate at. Proin imperdiet justo vel nunc ullamcorper sit amet aliquet nulla vestibulum. Duis metus dui, lobortis vel ultrices vitae, tristique ut elit. Curabitur sit amet nulla sed sem varius ultrices ut eget purus. Suspendisse gravida massa a nunc egestas dictum. Donec ac mattis enim. Nulla euismod nulla interdum tortor tristique varius. Nulla ac risus velit. Nam ultrices mauris sed justo vehicula interdum. In venenatis, turpis et ultricies rhoncus, tellus lorem adipiscing tortor, sit amet condimentum leo lacus at magna.",1/12/2007,12/12/2008
8423964,Automated level-based targeted test configuration,"Pellentesque habitant morbi tristique senectus et netus et malesuada fames ac turpis egestas. Nullam tristique ullamcorper ultricies. Sed sit amet arcu lacus. Integer non orci in enim rutrum mattis. Suspendisse potenti. Praesent metus elit, accumsan vel lacinia eget, pretium vitae orci. In hac habitasse platea dictumst. Cras commodo consequat dui non sollicitudin. Etiam ac elementum magna. Quisque id massa tellus. Nulla a odio nec sapien pulvinar condimentum eget eget sem. Maecenas ultricies, sem id lacinia sagittis, nunc turpis convallis nunc, in commodo odio nisl vitae mi. Sed faucibus feugiat condimentum.",10/4/2006,9/3/2008
8423959,Techniques for coordinating and controlling debuggers in a simulation environment,"Maecenas aliquam venenatis metus, quis convallis justo mollis vel. Integer sed augue ante. Mauris eros mi, interdum et bibendum eu, rhoncus at elit. Praesent in faucibus risus. Curabitur volutpat nulla vitae lacus laoreet rutrum. Donec nulla lectus, faucibus vel faucibus ac, gravida at magna. Aliquam erat volutpat. Sed sem metus, vehicula nec imperdiet quis, volutpat sed sem. In sit amet lectus sed magna placerat lacinia vitae aliquam arcu. Nam ante dui, iaculis sit amet aliquam sed, tincidunt sit amet leo. Aliquam aliquet, elit laoreet consectetur ullamcorper, ante libero faucibus dolor, eu ornare ipsum elit a justo. Praesent euismod, elit gravida porta eleifend, arcu augue porttitor diam, ut malesuada erat sapien sed erat. Aliquam dictum facilisis commodo. Pellentesque non nibh nec orci auctor congue.",6/26/2006,5/26/2008
8423953,System and method for creating target byte code,"In hac habitasse platea dictumst. Nullam a diam vel nibh volutpat ultrices sit amet nec neque. Nam vel nisi lacus. Sed tempor metus vel dolor accumsan scelerisque. Duis dignissim, odio sed ultricies pellentesque, sapien felis lobortis leo, sollicitudin tincidunt elit libero pellentesque diam. Pellentesque sed mattis quam. Praesent elit lectus, rutrum non accumsan et, aliquam eget ante. Integer eu ligula ante.",3/18/2006,2/16/2008
8423946,"Circuitry having programmable power rails, architectures, apparatuses, and systems including the same, and methods and algorithms for programming and/or configuring power rails in an integrated circuit","Praesent vehicula iaculis lacus at euismod. Class aptent taciti sociosqu ad litora torquent per conubia nostra, per inceptos himenaeos. Proin sed mauris dolor, quis sodales justo. Nunc quis diam velit. Suspendisse sit amet lectus ac tellus pellentesque placerat. Nullam ac sem nulla. Morbi dictum libero id ipsum feugiat aliquet. Suspendisse malesuada, urna a pulvinar laoreet, enim nulla tincidunt nisl, ut euismod dui odio nec neque. Ut fermentum hendrerit velit nec accumsan. Vivamus non ante in lacus tincidunt tempus. Donec nulla orci, laoreet non tempor nec, tempor et dui. Curabitur et vehicula erat.",12/8/2005,11/8/2007
8423942,Fill patterning for symmetrical circuits,"Donec at neque et quam facilisis consequat. Maecenas malesuada neque ac urna vulputate tristique. Integer tempus auctor hendrerit. Vestibulum blandit iaculis enim, eget accumsan ipsum posuere non. Donec libero ligula, varius ac viverra vitae, convallis nec arcu. Maecenas gravida adipiscing quam nec lacinia. Morbi cursus purus in erat volutpat venenatis porttitor neque iaculis. Donec facilisis placerat nisl eu mollis. Fusce consequat tortor ut urna bibendum aliquet. Donec velit lacus, bibendum sagittis vulputate quis, pellentesque tincidunt quam.",8/30/2005,7/31/2007
8423941,Structural migration of integrated circuit layout,"Sed ut tincidunt justo. Aenean sit amet leo lorem. Donec feugiat massa eu metus dictum adipiscing dictum velit rutrum. Phasellus quis ligula arcu, ut pellentesque sem. Nulla facilisi. Lorem ipsum dolor sit amet, consectetur adipiscing elit. Curabitur sagittis commodo quam sed posuere. Donec lectus nibh, accumsan non tincidunt id, pulvinar sed sem. Duis a velit eros, nec dignissim velit. Sed in ipsum tellus, in vulputate mauris. Donec quam sapien, vehicula sit amet pharetra ut, congue et dolor.",5/22/2005,4/22/2007
8423940,Early noise detection and noise aware routing in circuit design,"Duis ac elit ut felis tristique euismod sed nec tellus. Nam tempus, diam eu imperdiet accumsan, tellus ipsum pellentesque mi, sed posuere est lacus quis massa. Vestibulum ante ipsum primis in faucibus orci luctus et ultrices posuere cubilia Curae; Nulla eget arcu est, non tempus sem. Sed at porta metus. Morbi in purus massa. Duis eleifend, risus in egestas ultrices, nisi turpis semper lectus, vel ornare magna ante ac dui. In sollicitudin, mi id imperdiet accumsan, arcu massa tempor dui, rhoncus vulputate est odio et leo. Nam molestie euismod elit quis tincidunt. Vestibulum suscipit dapibus interdum. Nullam nisl lectus, condimentum pellentesque luctus eu, commodo tristique augue. Aliquam rutrum semper posuere. Suspendisse aliquam dolor sit amet sem euismod ut cursus lacus malesuada. Phasellus interdum porttitor lacinia. In nec est ipsum, ut dapibus sapien.",2/11/2005,1/12/2007
8423933,Staged scenario generation,"Phasellus adipiscing ornare sem, eget ullamcorper ante ornare eget. Aenean a neque eu ante molestie sollicitudin sit amet sed elit. Etiam vitae tincidunt nisi. Donec quis risus eget lorem elementum porttitor. Nullam ac nibh nunc. Etiam luctus, turpis sit amet feugiat mattis, eros leo porttitor justo, eget vehicula libero nunc nec orci. Sed tempor rutrum purus, vel consectetur libero congue non. Phasellus eget odio sed diam suscipit porta at eget eros. Aenean vehicula lorem sit amet nisl ultrices in ultrices risus consequat.",11/3/2004,10/4/2006
8423928,System and method for model based multi-patterning optimization,"Donec vestibulum lobortis massa, ac convallis massa placerat et. Nullam at vehicula libero. Aenean suscipit purus nec eros interdum in dictum neque pretium. Donec nulla metus, dapibus non vehicula in, porttitor nec dolor. Pellentesque convallis tristique felis pharetra ullamcorper. Vivamus tristique urna a lorem accumsan ullamcorper. Ut lacinia ligula tortor. Maecenas iaculis, augue non laoreet lobortis, velit leo viverra quam, et congue mi ipsum id nisl.",7/26/2004,6/26/2006
8423927,Simulation of the image projected by a mask,"Etiam convallis dui in eros vestibulum interdum. Curabitur dictum, odio nec rhoncus dignissim, tortor lorem condimentum dui, sed faucibus sem libero vitae est. Praesent arcu tortor, rhoncus vel mollis eleifend, rhoncus id elit. Maecenas a enim quis ipsum luctus volutpat sed at tortor. Nulla a quam quis nisi egestas condimentum. Morbi enim velit, laoreet ac tempus at, volutpat sed ipsum. Ut sed libero est, eu accumsan metus. Nullam nisi lorem, volutpat lacinia condimentum ac, accumsan in sapien. Fusce libero ipsum, pretium a condimentum vitae, luctus at metus. Ut consectetur adipiscing lorem at ornare. Pellentesque quis mauris sit amet odio aliquet lobortis. Nullam ante elit, eleifend a commodo ac, iaculis quis nulla.",4/17/2004,3/18/2006
8423926,Acceptance determining method of blank for EUV mask and manufacturing method of EUV mask,"Donec purus odio, congue quis varius at, aliquam eu lacus. Aenean lobortis tincidunt diam, eget ultrices tortor tincidunt et. Nam felis ligula, vestibulum ac placerat ut, malesuada quis lacus. Nulla ultricies, dolor et pharetra hendrerit, ipsum libero iaculis nunc, quis faucibus est est at dui. Nunc adipiscing venenatis viverra. Nam vulputate fermentum lacus, congue posuere libero cursus ut. Curabitur metus nisl, consequat sed cursus condimentum, congue ac tortor. Aenean sapien lorem, laoreet et sodales vitae, cursus vel odio. Phasellus adipiscing dui a risus fringilla nec condimentum nisi faucibus. Nulla bibendum malesuada leo at viverra. Vestibulum id magna neque. Duis luctus blandit pharetra. Donec ut orci condimentum ante facilisis porta. Integer fermentum ullamcorper purus, a fringilla massa pharetra at.",1/8/2004,12/8/2005
8423923,Optical proximity correction method,"Nunc eget magna vel risus tincidunt blandit vitae vitae risus. Ut a ante massa. In sed ornare sapien. Aenean luctus, odio sit amet fermentum pellentesque, nunc nulla viverra nunc, ut pellentesque ante ligula sed arcu. Vestibulum eget consequat orci. Integer orci mauris, sodales in auctor sit amet, elementum vitae sem. Vivamus vitae posuere tellus. Curabitur interdum, odio vitae pulvinar blandit, lectus justo euismod est, non facilisis lectus dui at turpis. Nulla rhoncus orci vitae metus malesuada faucibus. Suspendisse ante nunc, cursus eu accumsan quis, porta eu ligula.",9/30/2003,8/30/2005
8423922,Photomask designing method and photomask designing program,"Proin quis orci mauris. Etiam ac nibh nec odio ultrices pulvinar nec ut metus. Pellentesque ipsum diam, convallis vel euismod vitae, vehicula nec nunc. Nullam egestas nisl nec turpis volutpat nec porttitor orci blandit. Proin eget sollicitudin nisl. Fusce bibendum sagittis odio in imperdiet. Aliquam tempor diam sit amet enim viverra at blandit nunc egestas. Fusce commodo sagittis ornare. In in erat vitae lectus tempor scelerisque sed ut neque. Vestibulum eget nibh non enim faucibus tincidunt.",6/30/2009,5/31/2011
8423921,Data verification method and charged particle beam writing apparatus,"Mauris sed eleifend nulla. Praesent euismod hendrerit augue, dictum pulvinar dui tempus sit amet. Nulla justo eros, volutpat ac volutpat non, luctus id nisl. Sed a nisl sed urna consectetur rhoncus non malesuada turpis. In hac habitasse platea dictumst. Mauris dignissim tincidunt commodo. Curabitur eu nisl eget leo faucibus lacinia sed a diam. Mauris molestie dolor sit amet justo fringilla accumsan. Maecenas viverra aliquam magna, nec vehicula est volutpat sit amet. Nulla vel placerat urna. Maecenas est sapien, placerat non aliquet ac, mattis ac lorem. Vestibulum commodo lacinia erat, vel molestie justo placerat eget. Ut euismod vulputate augue, vel posuere nisl porttitor vel. Nulla facilisi.",1/16/2010,12/17/2011
8423920,Method of forming photomask by collecting verification data based on a layout of contour patterns,"Cras suscipit, dolor id auctor posuere, enim odio viverra ligula, ut commodo purus sapien gravida felis. Etiam scelerisque tempor lacinia. Aliquam lorem sem, interdum non pellentesque eget, euismod vel quam. Sed turpis lorem, fringilla sit amet lacinia eget, ultricies ut sapien. In vitae lobortis leo. Nulla tincidunt quam vel felis gravida eu sollicitudin nunc vulputate. Nulla facilisi. Donec sagittis elementum enim, tincidunt bibendum libero tincidunt ut. Vestibulum convallis metus sed metus tempor in placerat urna aliquet. Aliquam quis commodo risus.",10/8/2009,9/8/2011
8423918,Structure and methodology for fabrication and inspection of photomasks by a single design system,"Sed feugiat laoreet dui, non tincidunt nulla vulputate eu. Vestibulum purus tellus, lobortis non porttitor lacinia, sollicitudin ut enim. Nullam sodales vehicula rhoncus. Praesent varius neque scelerisque dolor tempus porta. Praesent vehicula mattis ante ac iaculis. Pellentesque pretium enim eu lacus congue vitae porttitor urna ornare. Aliquam sed massa mi, et tempor ipsum. Maecenas viverra placerat ultrices. Sed vitae mi tempus dolor semper varius vel in enim. Fusce eget diam quis dolor rutrum dictum.",6/30/2009,5/31/2011
8423917,Modeling thin-film stack topography effect on a photolithography process,"Ut volutpat diam vel augue tincidunt suscipit. Nunc lectus mi, adipiscing in egestas nec, iaculis ut libero. Praesent vitae diam eu massa ultrices gravida. Nulla aliquam tincidunt convallis. Aliquam euismod faucibus bibendum. Aenean rutrum euismod neque, et euismod arcu rhoncus quis. Curabitur risus mauris, blandit in interdum eu, vulputate in nibh. Sed mollis congue ante, sed ornare est blandit eget. Phasellus rutrum purus ut ligula tincidunt sagittis. Donec nec molestie nisl. Vestibulum nec sem non est laoreet egestas et a odio.",3/22/2009,2/20/2011
8423911,"Device, method, and graphical user interface for managing folders","Suspendisse elementum viverra diam, eu pretium nibh bibendum in. Fusce pharetra mauris ut lacus feugiat porttitor at vitae mauris. Nulla facilisi. Nam est massa, molestie sit amet pellentesque non, condimentum eu diam. Pellentesque sodales, turpis non viverra ullamcorper, erat tellus pretium magna, ac vestibulum nibh eros non neque. Nulla tempus venenatis leo, et faucibus massa dapibus vel. Ut nulla elit, congue suscipit posuere sit amet, aliquet eu eros. Sed sed justo metus. Etiam id lacus nec ligula ultricies elementum a eget urna. Mauris a arcu lorem. Sed erat odio, varius condimentum euismod sed, consectetur et eros. Etiam blandit posuere lacus, pretium gravida eros faucibus ut.",12/12/2008,11/12/2010
8423909,System and method for an interactive filter,"Vestibulum quis quam nec lorem congue interdum. In cursus, dui eu volutpat malesuada, est est lobortis massa, at consectetur odio felis ac magna. Fusce vitae nisl augue. Donec aliquet lacus sit amet metus faucibus pharetra. Ut quis tellus ut elit pulvinar fermentum et non quam. Curabitur nunc neque, blandit vel aliquam sed, adipiscing at nulla. In hac habitasse platea dictumst. Integer laoreet turpis quis diam volutpat ac scelerisque arcu viverra. Pellentesque elit tellus, placerat vel convallis vel, pharetra a ipsum. Maecenas auctor molestie interdum. Suspendisse faucibus risus quis ante suscipit nec bibendum sem fringilla. Maecenas porttitor vestibulum risus, in vestibulum dui pretium a. Sed sit amet sollicitudin est. Praesent id sapien imperdiet dui pulvinar aliquam. Class aptent taciti sociosqu ad litora torquent per conubia nostra, per inceptos himenaeos. Suspendisse id turpis vehicula sem scelerisque posuere ac condimentum ligula.",9/3/2008,4/26/2010
8423908,Method for identifying language of text in a handheld electronic device and a handheld electronic device incorporating the same,"Vivamus quis odio velit. Maecenas at dolor lacus, at dictum lorem. Duis a mi id nisi consequat porttitor nec ac diam. Pellentesque habitant morbi tristique senectus et netus et malesuada fames ac turpis egestas. Phasellus sem dolor, ultrices ut fringilla sit amet, pharetra et lectus. Aenean commodo elit ut purus vestibulum ac pellentesque quam ornare. Cras tempus vulputate augue a viverra. Vestibulum ante ipsum primis in faucibus orci luctus et ultrices posuere cubilia Curae; Vestibulum ante ipsum primis in faucibus orci luctus et ultrices posuere cubilia Curae; Phasellus dictum nisl vitae ligula sodales in cursus urna lobortis. Fusce laoreet, lorem aliquet euismod volutpat, orci diam tristique nibh, sed convallis nisl ante quis erat. Morbi eu ante leo, at ornare augue.",5/26/2008,1/16/2010
8423905,Automatically populating recipients in an instant messaging or other computer communication system,"Phasellus ipsum massa, auctor vitae fermentum vitae, tincidunt in enim. Duis scelerisque ante nec sem tristique molestie. In sit amet nunc orci, eu sagittis magna. Curabitur quis faucibus nunc. Proin aliquet euismod tincidunt. Aenean non ante odio, at posuere purus. Pellentesque id semper erat. Sed a lectus elit, non sodales risus. Donec venenatis quam eget tortor dignissim sollicitudin.",2/16/2008,10/8/2009
8423904,Mobile terminal and control method thereof,"Donec vulputate facilisis dolor sit amet faucibus. Vivamus sed enim sed elit tempus consectetur eu non ante. Suspendisse condimentum imperdiet feugiat. Nunc non lorem volutpat dolor scelerisque tempor. Nam hendrerit iaculis ante, vitae tempor metus consectetur vel. Aliquam erat volutpat. Aenean sem magna, dictum ac iaculis non, euismod eget sem. Nunc sit amet massa vestibulum nisi ullamcorper dictum id et nisl. Aliquam fermentum libero ut purus gravida luctus. Suspendisse dolor mauris, ultricies sed ultrices in, consectetur non neque. Sed sodales, metus sed imperdiet consequat, ligula massa consequat nunc, ut commodo libero elit eu tellus.",11/8/2007,6/30/2009
8423903,Aspect ratio hinting for resizable video windows,"Nulla non libero ante. Lorem ipsum dolor sit amet, consectetur adipiscing elit. Nunc a porta quam. Nulla nec tellus ligula. Praesent euismod rutrum posuere. Vivamus convallis, ante non ullamcorper porta, mauris odio fringilla ante, vitae facilisis velit mauris ut velit. Mauris magna sapien, posuere at aliquam et, porta vitae diam. Morbi pellentesque ipsum dapibus dolor dapibus ultrices.",4/6/2008,11/27/2009
8423900,Object based adaptive document resizing,"Maecenas arcu nulla, auctor eget malesuada at, dignissim eu nisi. Aliquam erat volutpat. Nunc eget lacus leo, eget sollicitudin neque. Donec hendrerit, justo id consequat accumsan, nisl risus vulputate justo, ut luctus erat justo sit amet urna. Pellentesque suscipit sollicitudin enim vel convallis. Etiam ac nisl et elit ultricies sagittis. Cras luctus tincidunt purus nec interdum. Duis pulvinar, massa et pretium consectetur, est leo porttitor odio, ac rhoncus arcu nunc eu nunc. Duis porttitor, tortor nec semper faucibus, felis metus adipiscing dui, et volutpat diam nulla vel metus. Nullam cursus imperdiet elit non condimentum. Integer pharetra, nisl sed gravida iaculis, leo purus mattis mi, id adipiscing nisl sapien non nibh. Cras ut sagittis ante. Cras non mauris sem, in vehicula felis. Cras sit amet dolor a nisl laoreet pretium. Nunc vel tellus at elit dapibus consequat vel et felis. Curabitur eleifend interdum cursus.",9/3/2008,4/26/2010
8423898,System and method for performing calculations using a portable electronic device,"Vestibulum justo odio, tincidunt et auctor at, ullamcorper ac mi. Phasellus nec mauris turpis. Integer porttitor euismod nulla, at tempus lectus bibendum et. Praesent egestas nulla id felis interdum a venenatis leo posuere. In hac habitasse platea dictumst. Pellentesque felis urna, hendrerit ornare ultrices non, scelerisque nec turpis. In ut lorem vitae quam pulvinar vehicula. Mauris sollicitudin augue vitae enim dapibus in viverra lacus dignissim. Nulla pharetra elit eu urna venenatis bibendum. Vestibulum viverra metus rhoncus neque fringilla quis pharetra leo tristique. Sed mollis ante quis leo vulputate sagittis. Nulla facilisi. Nullam non neque non felis sollicitudin feugiat. Donec aliquam laoreet pellentesque.",1/31/2009,11/27/2009
8423893,User interface for managing the operation of networked media playback devices,"Pellentesque ac lacus enim. Nunc lectus sapien, hendrerit a laoreet vel, ultricies sed leo. Donec aliquam dolor massa. Sed et sapien nibh, vitae interdum libero. Suspendisse potenti. Donec vel ante vel elit luctus pretium et eu neque. Class aptent taciti sociosqu ad litora torquent per conubia nostra, per inceptos himenaeos. Morbi quis cursus ante. Etiam dapibus dui dui, ac fringilla urna. Nam lorem nisi, tempus et fringilla sed, vehicula in mi.",6/30/2009,4/26/2010
8423889,Device specific presentation control for electronic book reader devices,"Duis id elit enim, ut euismod erat. In nulla risus, scelerisque nec porta in, placerat et dolor. Integer tempor pharetra erat non euismod. Nulla tincidunt purus non enim elementum at hendrerit ipsum iaculis. Vestibulum tincidunt suscipit tellus, convallis convallis arcu luctus in. Duis et augue felis, ut faucibus nisl. Vestibulum ultricies leo at leo interdum sit amet tincidunt mauris commodo. Sed euismod tincidunt quam, eu cursus turpis volutpat vel. Sed vel metus dui, vestibulum lobortis ligula. Duis sit amet quam enim, et dictum ligula. Sed sed est dui, vitae adipiscing augue. Curabitur mattis, leo quis aliquet ultrices, nibh quam imperdiet sem, ac pellentesque felis massa vel massa.",1/31/2009,11/27/2009
8423887,Information processing apparatus and information processing method,"Quisque suscipit imperdiet mi a tristique. Nulla tempus massa a nibh iaculis nec adipiscing lorem accumsan. Mauris ullamcorper ultricies ipsum, quis pulvinar nibh tincidunt vitae. Mauris sed quam eu nisi pharetra interdum. Cras dapibus neque sed dui cursus imperdiet. Quisque eros magna, mollis et auctor ac, varius nec dolor. Duis urna metus, dapibus eget facilisis et, dictum eu risus.",9/3/2008,6/30/2009
8423886,Systems and methods for document analysis,"Sed turpis nunc, ornare sed imperdiet id, sollicitudin ut nunc. Maecenas semper vulputate augue, sed ultrices sem vulputate et. Aliquam sit amet velit at nulla hendrerit fringilla interdum nec tortor. Suspendisse congue egestas est, aliquet hendrerit risus dignissim in. Morbi vitae fermentum tortor. Quisque nibh nulla, molestie et egestas et, ullamcorper ut libero. Etiam ut nisl quis velit gravida sodales. Mauris ut malesuada erat. Praesent quis ultricies massa. Mauris eu lacus dolor, id rutrum enim. Maecenas nunc eros, sagittis congue ultrices nec, dapibus id nisi. Cras porttitor ornare nunc, quis gravida nibh sagittis eget. Praesent ut sapien massa. Cras sed enim ante. Etiam at erat nunc, eget lobortis elit.",4/6/2008,1/31/2009
8423885,Updating search engine document index based on calculated age of changed portions in a document,"Vivamus eleifend tristique mi eu aliquet. Nullam et est a ante fringilla volutpat. Vivamus quis sapien a lectus pretium auctor eu nec nunc. Nullam nisl lectus, fringilla in volutpat ut, feugiat sit amet enim. In at leo at mauris fringilla tristique. Morbi eu dolor diam. Donec facilisis, lorem a ornare pretium, augue nisl porta turpis, in lobortis felis metus at dolor. Fusce dictum sapien ut est placerat venenatis. Nullam fermentum neque ac lectus feugiat auctor. Pellentesque nibh est, hendrerit et interdum quis, eleifend eget nisi. Class aptent taciti sociosqu ad litora torquent per conubia nostra, per inceptos himenaeos.",11/8/2007,9/3/2008
8423881,Systems and methods for placing visual links to digital media on physical media,"Aenean ultricies adipiscing risus eget pellentesque. Donec ante enim, ultrices et accumsan bibendum, feugiat pretium lorem. Etiam vulputate, lorem non accumsan feugiat, dolor mauris bibendum tellus, a blandit risus lacus ut nulla. Sed eget orci vitae eros ullamcorper euismod. Nulla facilisi. Vivamus tristique sapien quis augue dictum sit amet rhoncus dui pellentesque. Proin vitae est vitae tortor lacinia eleifend.",6/11/2007,1/31/2009
8423880,Transmission device estimation method and estimating unit,"Nulla eu est id lacus cursus euismod ac nec quam. Maecenas vel urna erat. Mauris massa elit, pretium id consequat eget, iaculis non tortor. In malesuada sapien vel mauris feugiat in tristique diam lacinia. Aliquam iaculis, nulla id commodo rutrum, felis ligula gravida ligula, id ultricies nibh tellus non arcu. Maecenas id nulla at arcu placerat commodo sit amet quis orci. Donec vulputate quam sed nibh lobortis vestibulum ac eu nisl. Fusce elementum euismod ipsum non eleifend. Pellentesque tempor vehicula nunc, id blandit eros pellentesque sit amet.",1/12/2007,9/3/2008
8423879,Method and apparatus for test generation from hybrid diagrams with combined data flow and statechart notation,"Ut ut nibh nibh, quis sollicitudin metus. Praesent sagittis accumsan porttitor. Ut congue tortor a neque porttitor malesuada. Vestibulum vitae consequat tellus. Duis aliquam rutrum fermentum. Mauris tristique magna vitae magna vulputate vitae rhoncus mauris lobortis. Cum sociis natoque penatibus et magnis dis parturient montes, nascetur ridiculus mus. Integer at lobortis odio. Maecenas at nulla quis sapien aliquam interdum. Donec sit amet dolor nunc, rhoncus scelerisque est. Phasellus at leo neque, rutrum rutrum est. Morbi porttitor suscipit sapien non posuere. Curabitur condimentum sagittis leo a malesuada.",8/15/2006,4/6/2008
8423876,Low-density parity check convolution code (LDPC-CC) encoder and LDPC-CC decoder,"Maecenas et interdum nibh. Aliquam erat volutpat. Ut eu erat eros, ac blandit mi. Pellentesque porttitor velit molestie ipsum dignissim dictum. Nam arcu neque, sodales sit amet molestie a, sollicitudin eu nibh. Mauris sed lacus lacus, eget tempor purus. Integer facilisis adipiscing vestibulum.",3/18/2006,11/8/2007
8423873,Decoding techniques for correcting errors using soft information,"Class aptent taciti sociosqu ad litora torquent per conubia nostra, per inceptos himenaeos. Aliquam lacus mauris, elementum eu elementum at, consectetur at enim. Aenean egestas, diam at ornare ultricies, lacus enim gravida tellus, ac venenatis velit neque nec purus. Donec elementum bibendum ante. Praesent odio turpis, fringilla non iaculis vitae, vulputate quis nisi. Morbi convallis aliquet tristique. Aenean venenatis, arcu in posuere sagittis, nisi mauris malesuada nibh, ut elementum elit quam ac lorem. Fusce mauris augue, molestie nec dignissim non, convallis et est. Vivamus feugiat placerat dictum. Praesent non tortor quam.",10/19/2005,6/11/2007
