person_id,website
1000,www.tvchronicle.com
1001,www.veronicaachorn.com
1005,www.colinaltonen.com
1007,www.ramonamaral.com
1010,www.chadaraiza.com
1011,www.maryjanearata.com
1012,www.margotarenburg.com
1013,www.kathieargenti.com
1015,www.isabellarmout.com
1017,www.kurtisasberry.com
1019,www.melvinauteri.com
1024,www.socorrobalandran.com
1025,www.georgettebandyk.com
1026,www.reynabangle.com
1027,www.bettebarcelona.com
1028,www.jessiebarkle.com
1030,www.efrenbaucher.com
1031,www.rolandobaumann.com
1032,www.revabayer.com
1034,www.eduardobellendir.com
1035,www.lyndonbellerdine.com
1038,www.ikebenthin.com
1039,www.kathleenberesnyak.com
1040,www.pattybernasconi.com
1041,www.normanbetance.com
1042,www.elibettner.com
1044,www.lauriebibbs.com
1045,www.raphaelbickel.com
1046,www.lauriebigg.com
1047,www.mariettabjornberg.com
1051,www.elvirablumenthal.com
1052,www.christabodenschatz.com
1054,www.seanbonnet.com
1055,www.samanthabordwell.com
1057,www.bridgetbottella.com
1058,www.bryantbouliouris.com
1060,www.janniebowditch.com
1061,www.redlandshouses.com
1062,www.robtbraithwaite.com
1063,www.lanebrantz.com
1065,www.kyliebridgeman.com
1067,www.travisbrockert.com
1068,www.pamalabrodtmann.com
1069,www.candicebruckman.com
1070,www.rebecabrumet.com
1071,www.kenyabruni.com
1076,www.diannburigsay.com
1079,www.naomicaetano.com
1080,www.beverlycambel.com
1081,www.audracantu.com
1083,www.lyndacaraway.com
1084,www.hanscarlan.com
1085,www.melindacarleton.com
1088,www.hilariocassa.com
1089,www.sisterblog.com
1090,www.boriscatino.com
1092,www.adelacervantsz.com
1092,www.monash.edu.au
1094,www.lesachantry.com
1095,www.instantfinish.com
1096,www.virgilchinni.com
1097,www.johnchipley.com
1098,www.robynchristophel.com
1099,www.gastoncieloszyk.com
1100,www.hannacinkan.com
1101,www.henriettacintora.com
1102,www.sharlenecircelli.com
1103,www.golfallstars.com
1104,www.petraclemmens.com
1105,www.invisiblegame.com
1106,www.addictedgolfer.com
1106,test-ipv6.com
1107,www.annabellecoger.com
1107,www.6deploy.org
1109,www.wilmerconstantineau.com
1112,www.tyreecourrege.com
1114,www.corinnecowan.com
1115,www.billiecowley.com
1116,www.rubincrotts.com
1117,www.mortoncrummell.com
1118,www.colemancuneo.com
1119,www.financialdeposit.com
1120,www.dwaincuttitta.com
1121,www.elmodagenais.com
1122,www.jeaniedalen.com
1123,www.dannydales.com
1124,www.dolliedaquino.com
1125,www.brantdarnel.com
1128,www.isaacdavensizer.com
1130,www.tamaradeclue.com
1134,www.sabrinadeppert.com
1135,www.lashondaderouen.com
1136,www.robbiedeshay.com
1137,www.sherwooddetillier.com
1138,www.suzettedevaughan.com
1141,www.rockmutual.com
1143,www.tutoringindustry.com
1150,www.sourcebuster.com
1153,www.vsauce.com
1155,www.waldoedberg.com
1156,www.kevinedd.com
1157,www.printingmaps.com
1158,www.gracieehn.com
1159,www.millicentekstrom.com
1165,www.jacklynemayo.com
1166,www.vernonengelman.com
1168,www.lashondaenote.com
1169,www.mistyericksen.com
1172,www.songstitle.com
1173,www.vinceettel.com
1174,www.kerryevertt.com
1175,www.ericaeyrich.com
1176,www.hannahfacio.com
1181,www.karenflierl.com
1182,www.taylorfogerty.com
1183,www.marlafolz.com
1185,www.athenafontanilla.com
1186,www.geriforness.com
1188,www.danettefostervold.com
1189,www.findcycling.com
1194,www.elmogabouer.com
1196,www.jarvisgalas.com
1197,www.mildredgallegas.com
1198,www.kayganguli.com
1199,www.randalgansen.com
1200,www.maryanngarnette.com
1201,www.lanagarrigus.com
1202,www.judygartenmayer.com
1204,www.eddiegauer.com
1205,www.mariongaulden.com
1206,www.jacintogawron.com
1207,www.gaylageimer.com
1208,www.deannagerbi.com
1210,www.wilfredogidley.com
1211,www.allysongillispie.com
1211,weblog.chrisgrundemann.com
1211,www.mexcg.com
1212,www.richgleave.com
1213,www.rehabpatient.com
1214,www.edgompf.com
1216,www.felipegould.com
1218,www.sandragraen.com
1219,www.valentinegranberry.com
1220,www.chigreenlaw.com
1221,www.naomigreenly.com
1222,www.quebecnewspaper.com
1223,www.renagriffeth.com
1224,www.alfonsogriglen.com
1224,www.crazyipv6.com
1226,www.robingrotz.com
1227,www.greggguevarra.com
1228,www.jasmingum.com
1230,www.warrenhacher.com
1231,www.barthachey.com
1232,www.martinimobile.com
1233,www.theronhambright.com
1234,www.marlenehammeren.com
1236,www.robopics.com
1238,www.mitchelharnar.com
1239,www.bradlyhasselvander.com
1241,www.arizonasprings.com
1241,www.ipv6-workshops.nl
1242,www.judehaza.com
1243,www.bricehedglin.com
1244,www.davisheideman.com
1245,www.delphinehelmich.com
1246,www.barbarahindley.com
1247,www.peggyhohlstein.com
1249,www.hillaryholmes.com
1250,www.martahorner.com
1251,www.pathoshaw.com
1252,www.cincinnatitanning.com
1254,www.carlahumble.com
1255,www.reginaldhumes.com
1256,www.marshallhutch.com
1258,www.linahybarger.com
1259,www.lacyhyten.com
1260,www.heleneiberg.com
1261,www.mitziihenyen.com
1262,www.deshawninafuku.com
1263,www.quintinisacson.com
1264,www.lucieniurato.com
1266,www.nellyjakuboski.com
1267,www.greenatmosphere.com
1268,www.timothyjanski.com
1269,www.leejavens.com
1273,www.consumerdistrict.com
1276,www.mackjurasin.com
1277,www.maynardkaewprasert.com
1278,www.bertakarczewski.com
1279,www.princekauk.com
1280,www.lanakeels.com
1281,www.genevievekekiwi.com
1282,www.karlaken.com
1283,www.rosaliakennemur.com
1284,www.doggycostume.com
1285,www.jarrettkenzie.com
1286,www.jimmiekertzman.com
1287,www.savannahkesich.com
1288,www.nickolaskhosravi.com
1289,www.carolinakinlaw.com
1290,www.bizcrisis.com
1291,www.kennithkirklin.com
1292,www.judikivel.com
1293,www.randallkluemper.com
1294,www.bridgetknightly.com
1296,www.tiffanyknust.com
1297,www.yvettekokoska.com
1298,www.armandokolm.com
1298,www.fedoraproject.org
1299,www.margaritokornbau.com
1300,www.giselakosicki.com
1302,www.derekkreutzbender.com
1304,www.carolkrisman.com
1305,www.triciakruss.com
1306,www.ionekucera.com
1307,www.rudykuhle.com
1308,www.miltonkuhlman.com
1309,www.fredkunde.com
1311,www.jeremylampi.com
1312,www.emiliolampkin.com
1315,www.rachellarrison.com
1317,www.vanleanen.com
1318,www.callieleboeuf.com
1319,www.revalecates.com
1320,www.minhleclare.com
1323,www.loralendor.com
1324,www.ashleyleonesio.com
1326,www.garfieldlijewski.com
1327,www.kylelindauer.com
1328,www.rebekahlindboe.com
1329,www.valerialingbeek.com
1330,www.amoslinnan.com
1330,ipv6.comcast.com
1330,i234532.comcast.net
1330,www.lime-stone.eu
1331,www.tialino.com
1332,www.taxiseek.com
1333,www.savannahloffier.com
1334,www.claudioloose.com
1336,www.bertieluby.com
1337,www.reginaldlunan.com
1339,www.dwaynemaddalena.com
1340,www.marcelinomaggs.com
1342,www.felipemahone.com
1345,www.faustomarks.com
1346,www.macmarksberry.com
1348,www.sybilmarmerchant.com
1349,www.christianmarnell.com
1350,www.sonmarschke.com
1351,www.nevamarsell.com
1352,www.bessmarso.com
1354,www.alejandromascall.com
1354,www.biostim.com.au
1356,www.ecobucket.com
1359,www.marymaurizio.com
1360,www.marianomaury.com
1361,www.saundramcaulay.com
1362,www.kurtismcbay.com
1363,www.carymccamey.com
1365,www.westerntunes.com
1367,www.westmontgomery.com
1370,www.mamiemcintee.com
1371,www.lamarmckibben.com
1375,www.violamcsorley.com
1376,www.healthcarecounselor.com
1377,www.curtmenedez.com
1378,www.darrenmerlin.com
1379,www.donmestler.com
1381,www.chadmiklas.com
1382,www.ezekielmildon.com
1383,www.johnieminaai.com
1385,www.maurinemonroy.com
1386,www.frankiemorein.com
1387,www.aileenmottern.com
1387,www.preissler.co.uk
1389,www.clairemoyerman.com
1392,www.literacychannel.com
1393,www.expenseplan.com
1394,www.songquestions.com
1395,www.joelnardo.com
1399,www.shannaneundorfer.com
1400,www.tagbull.com
1401,www.helloemail.com
1402,www.kaseynguyen.com
1403,www.cathrynnicolaus.com
1404,www.terrancenimmer.com
1405,www.galenolau.com
1406,www.denicenordlinger.com
1407,www.shannanumkena.com
1408,www.valoborne.com
1410,www.sellbandwidth.com
1412,www.enriqueoroark.com
1414,www.carmeloverfelt.com
1417,www.rebekahpadley.com
1418,www.ellapahnke.com
1419,www.kristinepaker.com
1421,www.armandopapik.com
1421,www.gadgetsdirect.com.au
1422,www.averyparbol.com
1423,www.wetlesswash.com
1424,www.gamingwild.com
1425,www.alvapennigton.com
1425,www.debian.org
1425,ipv6.comcast.net
1426,www.krispersson.com
1428,www.kennithpeto.com
1429,www.isiahphernetton.com
1430,www.nathanialphoenix.com
1431,www.dolliepillitteri.com
1434,www.luellapliner.com
1435,www.valeriepou.com
1437,www.edgardoprudente.com
1439,www.evanpyfrom.com
1441,www.bertramquertermous.com
1443,www.alenerabeck.com
1443,arboretumeyepro.com
1444,www.veronicaradman.com
1446,www.keisharansonet.com
1447,www.janetrathrock.com
1450,www.emeryreek.com
1452,www.caitlinreiniger.com
1453,www.reinareisenauer.com
1454,www.strongbands.com
1455,www.elainerenzi.com
1456,www.verniceresendes.com
1457,www.deandreresendiz.com
1460,www.johnnierheaves.com
1461,www.feleciariedl.com
1462,www.mararineheart.com
1463,www.movetoprovidence.com
1464,www.haleyrocheford.com
1465,www.terrellrodda.com
1466,www.titusrodreguez.com
1467,www.cruzroudabush.com
1469,www.bowlingcourse.com
1471,www.sadierowlett.com
1473,www.darrelruffins.com
1474,www.melodysaddat.com
1475,www.doreensakurai.com
1476,www.pierresalera.com
1477,www.devonsamrah.com
1478,www.rosannasandrock.com
1479,www.lucassantellana.com
1482,www.lynnsaulsberry.com
1483,www.gilscarpa.com
1484,www.bertschadle.com
1486,www.robinschartz.com
1487,www.mitchschattner.com
1488,www.angeliqueschermerhorn.com
1488,desertpenguin.info
1489,www.benjaminschkade.com
1490,www.steveschorr.com
1491,www.cherieschronce.com
1492,www.waltonschwallie.com
1493,www.allanschwantd.com
1493,ipv6.llnw.com
1495,www.modestoscroggie.com
1496,www.lonascronce.com
1497,www.evaseahorn.com
1498,www.joeysedore.com
1499,www.rogerseid.com
1500,www.stephenseiters.com
1502,www.cristinasharper.com
1503,www.ofeliasheffler.com
1504,www.donaldsherretts.com
1506,www.marcieshulz.com
1507,www.gravelbags.com
1508,www.romansimone.com
1510,www.waldosisk.com
1511,www.sherylsisofo.com
1513,www.celiaslavin.com
1515,www.marisasmiler.com
1516,www.francissoo.com
1517,www.josephinesotlar.com
1519,www.owensparacino.com
1520,www.warrenspeach.com
1521,www.denisespeegle.com
1523,www.raysrock.com
1524,www.kirastaffon.com
1525,www.krisstanzak.com
1527,www.maymestaub.com
1528,www.fanniesteese.com
1529,www.krystlestika.com
1530,www.reggiestreu.com
1531,www.pilarsuddeth.com
1533,www.mellissasule.com
1534,www.zanesulikowski.com
1536,www.eldonsutch.com
1537,www.dorotheasweem.com
1538,www.centralrebates.com
1539,www.devonteston.com
1540,www.antonythierauf.com
1540,www.ipv6-taskforce.org
1543,www.hostshared.com
1544,www.heribertotivis.com
1545,www.tracitoomey.com
1547,www.darreltork.com
1549,www.treytout.com
1551,www.limitlaws.com
1553,www.lucianotruiolo.com
1554,www.tamitrybus.com
1555,www.guillermotsang.com
1556,www.greatfail.com
1557,www.georgetukis.com
1558,www.nanetteturansky.com
1559,www.settlementcontracts.com
1562,www.brentvaidya.com
1563,www.essievaill.com
1564,www.melbournefinancial.com
1566,www.maravanderzwaag.com
1567,www.roxievarenhorst.com
1568,www.kellivarrato.com
1569,www.floydveazey.com
1570,www.secondmoms.com
1571,www.torivillaescusa.com
1572,www.lottievoll.com
1573,www.juniorwadlinger.com
1574,www.jonathonwaldall.com
1575,www.soapscripts.com
1576,www.marcwanger.com
1577,www.faithadvisor.com
1579,www.mabelweeden.com
1580,www.entrepreneurpulse.com
1581,www.lymanwhittley.com
1582,www.maryannewhyman.com
1583,www.eliseowice.com
1585,www.rodrigowildrick.com
1587,www.florinewillardson.com
1589,www.nadiawilshire.com
1591,www.truthwater.com
1593,www.helgawindle.com
1594,www.carmellawishman.com
1597,www.lacywoodfin.com
1598,www.korywooldridge.com
1601,www.busterwubbel.com
1603,www.currentcomics.com
1606,www.lyndayoutsey.com
1607,www.isaaczackery.com
1608,www.franzanders.com
1609,www.jimmiezarzycki.com
1610,www.ikezeolla.com
1611,www.malissaziesemer.com
1612,www.danielzill.com
1613,www.karenzombo.com
