person_id,name.first,name.middle,name.last
1000,Clair,,Abbott
1001,Veronica,E,Achorn
1002,Jewel,F,Agresta
1003,Dwain,S,Agricola
1004,Dorthy,F,Alexy
1005,Colin,,Altonen
1006,Cleo,,Alvarez
1007,Ramon,D,Amaral
1008,Darrell,H,Amrich
1009,Mary,S,Andresen
1010,Chad,,Araiza
1011,Maryjane,,Arata
1012,Margot,F,Arenburg
1013,Kathie,,Argenti
1014,Leif,Y,Arguin
1015,Isabell,P,Armout
1016,Marcelo,O,Arostegui
1017,Kurtis,P,Asberry
1018,Jess,,Assad
1019,Melvin,P,Auteri
1020,Leif,P,Bachta
1021,Neil,P,Backus
1022,Lucius,U,Bagnoli
1023,Latisha,,Bahls
1024,Socorro,R,Balandran
1025,Georgette,,Bandyk
1026,Reyna,H,Bangle
1027,Bette,,Barcelona
1028,Jessie,D,Barkle
1029,Jimmie,,Barninger
1030,Efren,,Baucher
1031,Rolando,W,Baumann
1032,Reva,,Bayer
1033,Cyril,,Behen
1034,Eduardo,R,Bellendir
1035,Lyndon,R,Bellerdine
1036,Lacy,T,Belmont
1037,James,,Belt
1038,Ike,Y,Benthin
1039,Kathleen,,Beresnyak
1040,Patty,F,Bernasconi
1041,Norman,,Betance
1042,Eli,D,Bettner
1043,Alyssa,G,Biasotti
1044,Laurie,D,Bibbs
1045,Raphael,H,Bickel
1046,Laurie,,Bigg
1047,Marietta,D,Bjornberg
1048,Olive,F,Blackwell
1049,Von,,Blalock
1050,Stacey,F,Blow
1051,Elvira,F,Blumenthal
1052,Christa,F,Bodenschatz
1053,Joey,G,Bolick
1054,Sean,,Bonnet
1055,Samantha,,Bordwell
1056,Dionne,,Borycz
1057,Bridget,,Bottella
1058,Bryant,,Bouliouris
1059,Marquita,D,Bousman
1060,Jannie,,Bowditch
1061,John,G,Boyd
1062,Robt,,Braithwaite
1063,Lane,D,Brantz
1064,Davis,,Brevard
1065,Kylie,,Bridgeman
1066,Burton,S,Brining
1067,Travis,,Brockert
1068,Pamala,,Brodtmann
1069,Candice,,Bruckman
1070,Rebeca,G,Brumet
1071,Kenya,,Bruni
1072,Germaine,,Bruski
1073,Vivian,,Brzostowski
1074,Naomi,G,Bunch
1075,Beverley,,Bunche
1076,Diann,,Burigsay
1077,Celia,H,Bush
1078,Leslie,G,Cackowski
1079,Naomi,,Caetano
1080,Beverly,D,Cambel
1081,Audra,F,Cantu
1082,Amelia,,Caputo
1083,Lynda,H,Caraway
1084,Hans,,Carlan
1085,Melinda,,Carleton
1086,Martin,,Carley
1087,Larry,E,Carranza
1088,Hilario,,Cassa
1089,Laura,R,Castillo
1090,Boris,,Catino
1091,Rita,T,Center
1092,Adela,,Cervantsz
1093,Lisa,X,Chandler
1094,Lesa,,Chantry
1095,Rose,T,Chavez
1096,Virgil,,Chinni
1097,John,Y,Chipley
1098,Robyn,,Christophel
1099,Gaston,I,Cieloszyk
1100,Hanna,,Cinkan
1101,Henrietta,,Cintora
1102,Sharlene,E,Circelli
1103,Michael,D,Clark
1104,Petra,F,Clemmens
1105,Frank,,Clemons
1106,Billy,D,Coffey
1107,Annabelle,D,Coger
1108,James,F,Connors
1109,Wilmer,G,Constantineau
1110,Cathleen,H,Cornell
1111,Madonna,S,Cosby
1112,Tyree,D,Courrege
1113,Ellen,,Covington
1114,Corinne,H,Cowan
1115,Billie,S,Cowley
1116,Rubin,D,Crotts
1117,Morton,H,Crummell
1118,Coleman,,Cuneo
1119,Christopher,D,Curtis
1120,Dwain,F,Cuttitta
1121,Elmo,,Dagenais
1122,Jeanie,,Dalen
1123,Danny,,Dales
1124,Dollie,J,Daquino
1125,Brant,,Darnel
1126,Judith,,Daugherty
1127,Rosalyn,F,Daulton
1128,Isaac,,Davensizer
1129,Amanda,J,Davis
1130,Tamara,,Declue
1131,Angel,E,Delgado
1132,Delmer,,Delucas
1133,Miquel,S,Demicco
1134,Sabrina,,Deppert
1135,Lashonda,T,Derouen
1136,Robbie,,Deshay
1137,Sherwood,,Detillier
1138,Suzette,,Devaughan
1139,Vincent,,Deyoung
1140,John,K,Dickerson
1141,Arthur,,Dickert
1142,Manuel,,Dienhart
1143,Gregg,,Dietrich
1144,James,H,Dougherty
1145,Robert,,Doughty
1146,Justina,H,Dragaj
1147,Oma,H,Duffy
1148,Rene,,Dummermuth
1149,Linda,H,Dunbar
1150,Douglas,,Duncan
1151,Willa,F,Dutt
1152,Charity,,Dyckman
1153,Donna,D,Dykes
1154,Marianne,,Earman
1155,Waldo,,Edberg
1156,Kevin,,Edd
1157,Joyce,,Edgar
1158,Gracie,G,Ehn
1159,Millicent,F,Ekstrom
1160,Renae,,Eldrige
1161,Charles,D,Elliott
1162,Bertha,D,Elmore
1163,Brenda,,Elrod
1164,Kimberly,W,Elrod
1165,Jacklyn,,Emayo
1166,Vernon,G,Engelman
1167,Jonathan,N,England
1168,Lashonda,,Enote
1169,Misty,,Ericksen
1170,Jade,J,Erlebach
1171,Teri,,Erlewine
1172,Cecil,,Espitia
1173,Vince,,Ettel
1174,Kerry,D,Evertt
1175,Erica,,Eyrich
1176,Hannah,F,Facio
1177,Jeri,,Farstvedt
1178,Angelo,F,Ferentz
1179,Kyle,,Ferri
1180,Rosemarie,,Fifield
1181,Karen,,Flierl
1182,Taylor,P,Fogerty
1183,Marla,I,Folz
1184,Wes,,Fontanella
1185,Athena,Y,Fontanilla
1186,Geri,H,Forness
1187,Byron,K,Fortuna
1188,Danette,,Fostervold
1189,Jennifer,G,Fraise
1190,Barton,G,Friesner
1191,Annette,D,Frietas
1192,Cherie,,Fuhri
1193,Chase,C,Furler
1194,Elmo,,Gabouer
1195,Teodoro,S,Gaboury
1196,Jarvis,S,Galas
1197,Mildred,,Gallegas
1198,Kay,,Ganguli
1199,Randal,C,Gansen
1200,Maryann,C,Garnette
1201,Lana,C,Garrigus
1202,Judy,,Gartenmayer
1203,Mary,S,Gaskins
1204,Eddie,D,Gauer
1205,Marion,G,Gaulden
1206,Jacinto,,Gawron
1207,Gayla,,Geimer
1208,Deanna,D,Gerbi
1209,Ronald,H,Gerling
1210,Wilfredo,,Gidley
1211,Allyson,J,Gillispie
1212,Rich,,Gleave
1213,Jonathan,,Goebel
1214,Ed,D,Gompf
1215,Tisha,,Gorder
1216,Felipe,,Gould
1217,Elisa,H,Gracely
1218,Sandra,,Graen
1219,Valentine,S,Granberry
1220,Chi,,Greenlaw
1221,Naomi,E,Greenly
1222,Steven,,Greer
1223,Rena,,Griffeth
1224,Alfonso,G,Griglen
1225,Shelley,,Groden
1226,Robin,,Grotz
1227,Gregg,,Guevarra
1228,Jasmin,T,Gum
1229,Sue,,Haakinson
1230,Warren,,Hacher
1231,Bart,,Hachey
1232,Kevin,E,Hague
1233,Theron,,Hambright
1234,Marlene,,Hammeren
1235,Miranda,F,Hammitt
1236,Pearl,,Hansen
1237,Jimmie,H,Hardgrove
1238,Mitchel,,Harnar
1239,Bradly,F,Hasselvander
1240,Lashawn,,Hasty
1241,Anthony,D,Hayes
1242,Jude,,Haza
1243,Brice,,Hedglin
1244,Davis,,Heideman
1245,Delphine,,Helmich
1246,Barbara,J,Hindley
1247,Peggy,,Hohlstein
1248,Sheila,,Holloran
1249,Hillary,G,Holmes
1250,Marta,,Horner
1251,Pat,J,Hoshaw
1252,Perry,G,Howe
1253,Jimmy,,Hrobsky
1254,Carla,F,Humble
1255,Reginald,,Humes
1256,Marshall,D,Hutch
1257,Mari,,Hwang
1258,Lina,,Hybarger
1259,Lacy,P,Hyten
1260,Helene,I,Iberg
1261,Mitzi,J,Ihenyen
1262,Deshawn,J,Inafuku
1263,Quintin,G,Isacson
1264,Lucien,,Iurato
1265,Meredith,,Ivrin
1266,Nelly,,Jakuboski
1267,James,,James
1268,Timothy,,Janski
1269,Lee,F,Javens
1270,Kathleen,,Jennings
1271,Roseann,H,Jerko
1272,Karyn,,Jinks
1273,David,F,Johnson
1274,Dennis,,Johnson
1275,Alejandra,D,Jones
1276,Mack,,Jurasin
1277,Maynard,S,Kaewprasert
1278,Berta,,Karczewski
1279,Prince,,Kauk
1280,Lana,J,Keels
1281,Genevieve,,Kekiwi
1282,Karla,,Ken
1283,Rosalia,G,Kennemur
1284,Charles,T,Kent
1285,Jarrett,,Kenzie
1286,Jimmie,,Kertzman
1287,Savannah,,Kesich
1288,Nickolas,D,Khosravi
1289,Carolina,D,Kinlaw
1290,Jennifer,,Kirk
1291,Kennith,,Kirklin
1292,Judi,D,Kivel
1293,Randall,,Kluemper
1294,Bridget,,Knightly
1295,Clarice,,Knower
1296,Tiffany,,Knust
1297,Yvette,J,Kokoska
1298,Armando,,Kolm
1299,Margarito,,Kornbau
1300,Gisela,G,Kosicki
1301,Rosalind,,Krenzke
1302,Derek,J,Kreutzbender
1303,Rosalie,,Krigger
1304,Carol,,Krisman
1305,Tricia,G,Kruss
1306,Ione,,Kucera
1307,Rudy,,Kuhle
1308,Milton,,Kuhlman
1309,Fred,,Kunde
1310,Bernard,D,Laboy
1311,Jeremy,A,Lampi
1312,Emilio,,Lampkin
1313,Conrad,,Lanfear
1314,Sophie,D,Langner
1315,Rachel,,Larrison
1316,Edwin,,Lavelli
1317,Van,,Leanen
1318,Callie,A,Leboeuf
1319,Reva,,Lecates
1320,Minh,,Leclare
1321,Cortney,S,Lee
1322,Kevin,,Lee
1323,Lora,,Lendor
1324,Ashley,A,Leonesio
1325,Vanessa,,Lewallen
1326,Garfield,,Lijewski
1327,Kyle,,Lindauer
1328,Rebekah,D,Lindboe
1329,Valeria,A,Lingbeek
1330,Amos,,Linnan
1331,Tia,,Lino
1332,Wanda,D,Liptak
1333,Savannah,,Loffier
1334,Claudio,,Loose
1335,George,,Lopez
1336,Bertie,A,Luby
1337,Reginald,,Lunan
1338,Simone,,Lundie
1339,Dwayne,S,Maddalena
1340,Marcelino,,Maggs
1341,William,,Mahmud
1342,Felipe,,Mahone
1343,Maria,S,Marcum
1344,Adrian,,Mariano
1345,Fausto,,Marks
1346,Mac,,Marksberry
1347,Marilyn,,Marlar
1348,Sybil,R,Marmerchant
1349,Christian,W,Marnell
1350,Son,S,Marschke
1351,Neva,,Marsell
1352,Bess,,Marso
1353,Justine,,Martinez
1354,Alejandro,,Mascall
1355,Charles,E,Massie
1356,Miles,D,Masters
1357,Damion,,Matkin
1358,Doug,,Matrisciano
1359,Mary,,Maurizio
1360,Mariano,,Maury
1361,Saundra,A,Mcaulay
1362,Kurtis,S,Mcbay
1363,Cary,D,Mccamey
1364,Antione,A,Mccleary
1365,Ella,D,Mcclellan
1366,Jason,S,Mccray
1367,Shirley,G,Mccullough
1368,William,,Mcdaniel
1369,Mandy,,Mcdonnell
1370,Mamie,,Mcintee
1371,Lamar,,Mckibben
1372,Petra,F,Mcnichol
1373,Naomi,D,Mcraven
1374,Fabian,B,Mcshaw
1375,Viola,S,Mcsorley
1376,Elena,A,Melton
1377,Curt,B,Menedez
1378,Darren,A,Merlin
1379,Don,G,Mestler
1380,Freida,G,Michelfelder
1381,Chad,,Miklas
1382,Ezekiel,,Mildon
1383,Johnie,J,Minaai
1384,Zackary,R,Mockus
1385,Maurine,,Monroy
1386,Frankie,,Morein
1387,Aileen,O,Mottern
1388,Alissa,,Mountjoy
1389,Claire,C,Moyerman
1390,Logan,,Muhl
1391,Linda,F,Mungo
1392,Brenda,G,Munoz
1393,Stella,H,Murray
1394,Jean,W,Myers
1395,Joel,,Nardo
1396,Sandra,D,Neil
1397,Darrin,G,Neiss
1398,Tia,E,Neumaier
1399,Shanna,,Neundorfer
1400,Roy,,Newell
1401,Deborah,H,Newman
1402,Kasey,,Nguyen
1403,Cathryn,F,Nicolaus
1404,Terrance,,Nimmer
1405,Gale,,Nolau
1406,Denice,,Nordlinger
1407,Shanna,D,Numkena
1408,Val,B,Oborne
1409,Jason,S,Ogle
1410,John,A,Olsen
1411,Forest,B,Orea
1412,Enrique,A,Oroark
1413,Joseph,G,Orourke
1414,Carmel,G,Overfelt
1415,Phyllis,D,Owens
1416,Emilia,B,Oxley
1417,Rebekah,S,Padley
1418,Ella,A,Pahnke
1419,Kristine,B,Paker
1420,Kira,A,Papen
1421,Armando,G,Papik
1422,Avery,G,Parbol
1423,Shannon,,Payne
1424,Amy,,Penland
1425,Alva,J,Pennigton
1426,Kris,R,Persson
1427,Luz,,Peterson
1428,Kennith,,Peto
1429,Isiah,O,Phernetton
1430,Nathanial,,Phoenix
1431,Dollie,,Pillitteri
1432,Sal,,Pindell
1433,Terra,A,Plagge
1434,Luella,,Pliner
1435,Valerie,S,Pou
1436,Alejandra,D,Prenatt
1437,Edgardo,,Prudente
1438,Allie,,Pumphrey
1439,Evan,T,Pyfrom
1440,Brendan,,Qin
1441,Bertram,D,Quertermous
1442,Tyron,F,Quillman
1443,Alene,,Rabeck
1444,Veronica,,Radman
1445,Katina,T,Ramano
1446,Keisha,T,Ransonet
1447,Janet,,Rathrock
1448,Michael,D,Reed
1449,Walter,F,Reed
1450,Emery,F,Reek
1451,Winnie,S,Reich
1452,Caitlin,H,Reiniger
1453,Reina,,Reisenauer
1454,Stephen,,Renteria
1455,Elaine,,Renzi
1456,Vernice,,Resendes
1457,Deandre,,Resendiz
1458,Bridgett,,Retort
1459,Tommie,L,Reuland
1460,Johnnie,,Rheaves
1461,Felecia,K,Riedl
1462,Mara,,Rineheart
1463,Howard,,Robertson
1464,Haley,F,Rocheford
1465,Terrell,G,Rodda
1466,Titus,,Rodreguez
1467,Cruz,J,Roudabush
1468,Willard,,Roughen
1469,Francisco,B,Roussel
1470,Bryan,,Rovell
1471,Sadie,V,Rowlett
1472,Christy,,Rudolph
1473,Darrel,B,Ruffins
1474,Melody,B,Saddat
1475,Doreen,B,Sakurai
1476,Pierre,W,Salera
1477,Devon,D,Samrah
1478,Rosanna,,Sandrock
1479,Lucas,Y,Santellana
1480,Daniel,,Santos
1481,Concetta,,Sarchett
1482,Lynn,,Saulsberry
1483,Gil,,Scarpa
1484,Bert,,Schadle
1485,Janet,,Schaffter
1486,Robin,,Schartz
1487,Mitch,,Schattner
1488,Angelique,,Schermerhorn
1489,Benjamin,,Schkade
1490,Steve,,Schorr
1491,Cherie,,Schronce
1492,Walton,D,Schwallie
1493,Allan,D,Schwantd
1494,Tammie,F,Schwartzwalde
1495,Modesto,S,Scroggie
1496,Lona,A,Scronce
1497,Eva,,Seahorn
1498,Joey,,Sedore
1499,Roger,,Seid
1500,Stephen,B,Seiters
1501,Lynette,W,Setlock
1502,Cristina,D,Sharper
1503,Ofelia,,Sheffler
1504,Donald,Y,Sherretts
1505,Courtney,B,Shishido
1506,Marcie,W,Shulz
1507,Paul,D,Simmons
1508,Roman,,Simone
1509,Carla,Y,Sirbaugh
1510,Waldo,,Sisk
1511,Sheryl,,Sisofo
1512,Garth,,Skiffington
1513,Celia,,Slavin
1514,Alexander,,Smalley
1515,Marisa,,Smiler
1516,Francis,,Soo
1517,Josephine,D,Sotlar
1518,Freeman,,Soula
1519,Owen,,Sparacino
1520,Warren,,Speach
1521,Denise,,Speegle
1522,Ross,D,Spurger
1523,Ray,,Srock
1524,Kira,,Staffon
1525,Kris,S,Stanzak
1526,Ayana,S,Starkey
1527,Mayme,,Staub
1528,Fannie,D,Steese
1529,Krystle,,Stika
1530,Reggie,,Streu
1531,Pilar,,Suddeth
1532,Helena,,Suermann
1533,Mellissa,D,Sule
1534,Zane,,Sulikowski
1535,Katina,Y,Survant
1536,Eldon,,Sutch
1537,Dorothea,,Sweem
1538,Kristie,,Taylor
1539,Devon,,Teston
1540,Antony,,Thierauf
1541,Tammy,,Thomas
1542,Billie,,Tinnes
1543,Stephen,D,Tittle
1544,Heriberto,,Tivis
1545,Traci,D,Toomey
1546,Denver,,Topete
1547,Darrel,Y,Tork
1548,Lizzie,,Torregrossa
1549,Trey,,Tout
1550,Melissa,,Townsend
1551,Paul,,Tramel
1552,David,S,Trombetta
1553,Luciano,,Truiolo
1554,Tami,S,Trybus
1555,Guillermo,D,Tsang
1556,Ron,,Tucci
1557,George,,Tukis
1558,Nanette,,Turansky
1559,Paula,S,Turner
1560,Abel,D,Tuter
1561,Janice,,Twiet
1562,Brent,,Vaidya
1563,Essie,S,Vaill
1564,David,S,Valadez
1565,Heath,,Vanalphen
1566,Mara,,Vanderzwaag
1567,Roxie,,Varenhorst
1568,Kelli,,Varrato
1569,Floyd,,Veazey
1570,Thomas,,Victoria
1571,Tori,S,Villaescusa
1572,Lottie,D,Voll
1573,Junior,,Wadlinger
1574,Jonathon,D,Waldall
1575,Stephanie,,Walters
1576,Marc,Y,Wanger
1577,Michael,,Ward
1578,Marta,,Warran
1579,Mabel,,Weeden
1580,Larry,,White
1581,Lyman,S,Whittley
1582,Maryanne,W,Whyman
1583,Eliseo,,Wice
1584,Cristopher,,Wiget
1585,Rodrigo,,Wildrick
1586,Dorothy,,Wilfong
1587,Florine,,Willardson
1588,Donald,G,Williams
1589,Nadia,,Wilshire
1590,Jose,,Wilson
1591,Mary,Y,Wilson
1592,Lucius,D,Winchester
1593,Helga,,Windle
1594,Carmella,,Wishman
1595,Reina,,Wolchesky
1596,Marisa,W,Woldridge
1597,Lacy,,Woodfin
1598,Kory,,Wooldridge
1599,Trudy,,Worlds
1600,Kelli,S,Wozniak
1601,Buster,W,Wubbel
1602,Curtis,,Wyatt
1603,Gary,,Wyatt
1604,Merle,P,Wyrosdick
1605,Rebecca,,Young
1606,Lynda,,Youtsey
1607,Isaac,W,Zackery
1608,Fran,,Zanders
1609,Jimmie,E,Zarzycki
1610,Ike,P,Zeolla
1611,Malissa,,Ziesemer
1612,Daniel,,Zill
1613,Karen,T,Zombo
1614,Ruthie,E,Zortman
